PCID,PC Name,Date Entered,Current School Rank,Tent,Office Rank,Office,Nationality,Date Left,Departure Status,Notes
1,Frederick of Gottisburg,6/23/2001 0:00,Master at Arms,,Master,Head Master,Germanic,,,
2,Eric of Trundlebury,12/23/2002 0:00,Master at Arms,,Master,Tiller of the Arable,Germanic,,,
3,Jerconus the Stuffy,12/23/1992 0:00,Master at Arms,,Master,Lore Keeper,Germanic,,,
8,Genevera of the House of the Talking Staff,6/23/2005 0:00,Master of Letters,,Master,Tender of the Caulrons,Drovian,,,
,,,,,Master,Civil Engineer,,,,
,,,,,Master,Cloth Crafter,,,,
10,Decimus Tarquitius Orientalum,6/23/2014 0:00,Master of Letters,,Master,Black Smith,Roman,,,
7,Philip of Picardy,12/23/2001 0:00,Master of Arms,,Master,Marshal,French,,,
,,,,,Master,Forester,,,,
15,Horatio Oliver of New Wood,6/23/2005 0:00,Bachelor,,Master,Keeper of the Chequy Clothe,Windy Plains,,,
16,Isaac of Shepala,12/23/2004 0:00,Bachelor,,Master,Seneschal,Windy Plains,,,
11,Michaela,6/23/2014 0:00,Master of Letters,,Master,Deft Chirurgeon,Germanic,,,
6,"James, called ""Little""",12/23/2003 0:00,Master of Arms,,Master,Reeve,Windy Plains,,,
16,Isaac of Shepala,12/23/2004 0:00,Bachelor,,Master,Herald of Devices,Windy Plains,,,
8,Genevera of the House of the Talking Staff,6/23/2005 0:00,Master of Letters,,Master,Sacerdos Schola,Drovian,,,
17,Glyndwr Edward RoshTacLarn,6/23/2004 0:00,Bachelor,,Senior Chief,Knight of the School,Galic,,,Executive Officer
1172,Didier du Pomtrex,6/23/2012 0:00,Sergeant,,Chief,Black Smith,French,,,
1116,Geminius Felix,6/23/2012 0:00,Sergeant,,Chief,Tiller of the Arable,Roman,,,Leper Colony
1145,Georges Abel,6/23/2012 0:00,Sergeant,,Chief,Tender of the Caulrons,French,,,
1104,Hubert Lesauvage,6/23/2012 0:00,Sergeant,,Chief,Seneschal,French,,,
1168,Jean Claude,6/23/2012 0:00,Sergeant,,Chief,Reeve,French,,,
1170,Laurent Proulx,6/23/2012 0:00,Sergeant,,Chief,Deft Chirurgeon,French,,,
1076,Bridgette MacIan,6/23/2012 0:00,Sergeant,,Chief,Marshal,Galic,,,
1100,Roger Dupond,6/23/2012 0:00,Sergeant,,Chief,Tiller of the Arable,French,,,
1134,Roland Travert,6/23/2012 0:00,Sergeant,,Chief,Sergeant of the Guard,French,,,
1137,Serge du Celer,6/23/2012 0:00,Sergeant,,Chief,Reeve,French,,,
1156,Vincent Clemens,6/23/2012 0:00,Sergeant,,Chief,Reeve,French,,,
4,Mark Clover the Lucky,6/23/2001 0:00,Master at Arms,,Master,Hide Crafter,Windy Plains,,,
1093,Aelius Quintus,6/23/2013 0:00,Man at Arms,Hunters,Junior Chief,Tiller of the Arable,Roman,,,
1128,Albius Publius,6/23/2013 0:00,Man at Arms,Griffins,Junior Chief,Tiller of the Arable,Roman,,,
1164,Atilius Grumio,6/23/2013 0:00,Man at Arms,Leopards,Junior Chief,Tiller of the Arable,Roman,,,
1086,Caelius Publius,6/23/2013 0:00,Man at Arms,Elephants,Junior Chief,Tiller of the Arable,Roman,,,
1091,Carlin MacJago,6/23/2013 0:00,Man at Arms,Fortuna,Junior Chief,Reeve,Roman,,,
1157,Claudius Graecus,6/23/2013 0:00,Man at Arms,Giraffes,Junior Chief,Reeve,Roman,,,
1131,Cloelius Felix,6/23/2013 0:00,Man at Arms,Hercules,Junior Chief,Reeve,Roman,,,
1147,Cominius Manius,6/23/2013 0:00,Man at Arms,Eagles,Junior Chief,Reeve,Roman,,,
1176,Cornelius Caecilius,6/23/2013 0:00,Man at Arms,Falcons,Junior Chief,Reeve,Roman,,,
1151,Cornelius Gromio,6/23/2013 0:00,Man at Arms,Virgo,Junior Chief,Reeve,Roman,,,
1133,Daibhi MacHabloc,6/23/2013 0:00,Man at Arms,Scorpio,Junior Chief,Black Smith,Roman,,,
1111,Didius Marcus,6/23/2013 0:00,Man at Arms,Boars,Junior Chief,Tender of the Caulrons,Roman,,,
1103,Furius Sextus,6/23/2013 0:00,Man at Arms,Bulls,Junior Chief,Tender of the Caulrons,Roman,,,
1181,Gellius Pantagathus,6/23/2013 0:00,Man at Arms,Drakes,Junior Chief,Tender of the Caulrons,Roman,,,
1096,Geminius Gromio,6/23/2013 0:00,Man at Arms,Centaurs,Junior Chief,Tender of the Caulrons,Roman,,,
1163,Horatius Syphax,6/23/2013 0:00,Man at Arms,Mars,Junior Chief,Marshal,Roman,,,
1158,Hortensius Lucrio,6/23/2013 0:00,Man at Arms,Cancer,Junior Chief,Marshal,Roman,,,
1143,Iuventius Appius,6/23/2013 0:00,Man at Arms,Teumessian Foxes,Junior Chief,Marshal,Roman,,,
1149,Lorcan MacAuryn,6/23/2013 0:00,Man at Arms,Stallions,Junior Chief,Marshal,Roman,,,
1079,Lucilius Manius,6/23/2013 0:00,Man at Arms,Owls,Junior Chief,Seneschal,Roman,,,
1099,Manlius Aulus,6/23/2013 0:00,Man at Arms,Laelaps,Junior Chief,Seneschal,Roman,,,
1077,Minicius Lucius,6/23/2013 0:00,Man at Arms,Tyr,Junior Chief,Seneschal,Roman,,,
1178,Mucius Lucrio,6/23/2013 0:00,Man at Arms,Rabbits,Junior Chief,Seneschal,Roman,,,
1094,Nautius Lucrio,6/23/2013 0:00,Man at Arms,Serpents,Junior Chief,Deft Chirurgeon,Roman,,,
1182,Numicius Graecus,6/23/2013 0:00,Man at Arms,She-wolves,Junior Chief,Deft Chirurgeon,Roman,,,
1179,Ovidius Pantagathus,6/23/2013 0:00,Man at Arms,Sphinx,Junior Chief,Deft Chirurgeon,Roman,,,
1130,Pearce MacMicheal,6/23/2013 0:00,Man at Arms,Baldur,Junior Chief,Deft Chirurgeon,Roman,,,
1150,Pinarius Titus,6/23/2013 0:00,Man at Arms,Arion,,,Roman,,,
1089,Postumius Syphax,6/23/2013 0:00,Man at Arms,Wolves,,,Roman,,,
1123,Rubellius Aulus,6/23/2013 0:00,Man at Arms,Thor,,,Roman,,,
1098,Scribonius Gromio,6/23/2013 0:00,Man at Arms,Storks,,,Roman,,,
1078,Scribonius Syphax,6/23/2013 0:00,Man at Arms,Pisces,,,Roman,,,
1125,Sempronius Clemens,6/23/2013 0:00,Man at Arms,Apollo,,,Roman,,,
1118,Sempronius Felix,6/23/2013 0:00,Man at Arms,Rhinoceros,,,Roman,,,
1173,Sulpicius Decimus,6/23/2013 0:00,Man at Arms,Rams,,,Roman,,,
1184,Sulpicius Quintus,6/23/2013 0:00,Man at Arms,Unicorns,,,Roman,,,
1084,Tarquitius Lucrio,6/23/2013 0:00,Man at Arms,Odin,,,Roman,,,
1105,Villius Manius,6/23/2013 0:00,Man at Arms,Capricorn,,,Roman,,,
1136,Vitruvius Celer,6/23/2013 0:00,Man at Arms,Thunderbolt,,,Roman,,,
1113,Wynford MacGrady,6/23/2013 0:00,Man at Arms,Aquarius,,,Roman,,,
14,Teodore of Gottisburg,6/12/2014 0:00,Master at Arms,Bulls,,,Germanic,,,
18,Harvey of the House of the Talking Staff,6/12/2014 0:00,Sergeant,Drakes,,,Windy Plains,,,
19,Lief of the House of the Talking Staff,6/12/2014 0:00,Sergeant,Drakes,,,Galic,,,
37,Uther Karbelson,6/12/2014 0:00,Boy,Drakes,,,Germanic,,,
38,Gromeo Malitacius,6/12/2014 0:00,Boy,Drakes,,,Roman,,,
39,Bernie of Ardee,6/12/2014 0:00,Boy,Drakes,,,Galic,,,
40,Felix Bolfusun,6/12/2014 0:00,Boy,Drakes,,,Galic,,,
41,Liam MacForgall,6/12/2014 0:00,Boy,Drakes,,,Galic,,,
44,Morus,6/12/2014 0:00,Boy,Drakes,,,Galic,,,
45,Rutilius Decimus,6/12/2014 0:00,Boy,Drakes,,,Roman,,,
43,Aethanius Rubellius Quintus,6/12/2014 0:00,Boy,Drakes,,,Roman,,,
46,Uxiumio Numerius,6/12/2014 0:00,Boy,Bulls,,,Roman,,,
1342,Kai MacDuhlainn,6/12/2014 0:00,Boy,Hercules,,,Galic,,,
1343,Kai MacEdryd,6/12/2014 0:00,Boy,Hercules,,,Galic,,,
1344,Scribonius Aulus,6/12/2014 0:00,Boy,Pegasus,,,Roman,,,
1345,Scribonius Servius,6/12/2014 0:00,Boy,Pegasus,,,Roman,7/10/2014 0:00,Quit in running day after Dru,
1346,Floyd MacBarry,6/12/2014 0:00,Boy,Pegasus,,,Galic,,,
1347,Gellius Gaius,6/12/2014 0:00,Boy,Pegasus,,,Roman,,,
1348,Nautius Caecilius,6/12/2014 0:00,Boy,Pegasus,,,Roman,,,
1349,Iulius Vibius,6/12/2014 0:00,Boy,Pegasus,,,Roman,,,
1350,Coruncanius Clemens,6/12/2014 0:00,Boy,Pegasus,,,Roman,,,
1351,Vitruvius Tiberius,6/12/2014 0:00,Boy,Pegasus,,,Roman,,,
1352,Elwin MacAllen,6/12/2014 0:00,Boy,Pegasus,,,Galic,,,
1353,Dugald MacAodhgagan,6/12/2014 0:00,Boy,Pegasus,,,Galic,,,
1354,Cominius Aulus,6/12/2014 0:00,Boy,Storks,,,Roman,,,
1355,Modius Marcus,6/12/2014 0:00,Boy,Storks,,,Roman,,,
1356,Eochaidh MacLleufer,6/12/2014 0:00,Boy,Storks,,,Galic,,,
1357,Pinarius Aulus,6/12/2014 0:00,Boy,Storks,,,Roman,,,
1358,Rubellius Graecus,6/12/2014 0:00,Boy,Storks,,,Roman,,,
1359,Licinius Marcus,6/12/2014 0:00,Boy,Storks,,,Roman,,,
1360,Sicinius Lucrio,6/12/2014 0:00,Boy,Storks,,,Roman,,,
1361,Mucius Pantagathus,6/12/2014 0:00,Boy,Storks,,,Roman,,,
1362,Minius Titus,6/12/2014 0:00,Boy,Storks,,,Roman,,,
1363,Didius Aulus,6/12/2014 0:00,Boy,Storks,,,Roman,,,
1364,Didius Vibius,6/12/2014 0:00,Boy,Elephants,,,Roman,,,
1365,Verginius Manius,6/12/2014 0:00,Boy,Elephants,,,Roman,,,
1366,Curius Spurius,6/12/2014 0:00,Boy,Elephants,,,Roman,,,
1367,Decius Vibius,6/12/2014 0:00,Boy,Elephants,,,Roman,,,
1368,Flavius Clemens,6/12/2014 0:00,Boy,Elephants,,,Roman,,,
1369,Lartius Lucius,6/12/2014 0:00,Boy,Elephants,,,Roman,,,
1370,Anneius Manius,6/12/2014 0:00,Boy,Elephants,,,Roman,,,
1371,Papirius Vibius,6/12/2014 0:00,Boy,Elephants,,,Roman,,,
1372,Sentius Decimus,6/12/2014 0:00,Boy,Elephants,,,Roman,,,
1373,Gratius Gromio,6/12/2014 0:00,Boy,Elephants,,,Roman,,,
1374,Menenius Marcus,6/12/2014 0:00,Boy,Eagles,,,Roman,7/10/2014 0:00,Quit in running day after Dru,
1375,Servilius Gnaeus,6/12/2014 0:00,Boy,Eagles,,,Roman,,,
1376,Memmius Manius,6/12/2014 0:00,Boy,Eagles,,,Roman,,,
1377,Geminius Quintus,6/12/2014 0:00,Boy,Eagles,,,Roman,,,
1378,Petronius Gnaeus,6/12/2014 0:00,Boy,Eagles,,,Roman,,,
1379,Sergius Pantagathus,6/12/2014 0:00,Boy,Eagles,,,Roman,,,
1380,Sulpicius Sextus,6/12/2014 0:00,Boy,Eagles,,,Roman,,,
1381,Memmius Pantagathus,6/12/2014 0:00,Boy,Eagles,,,Roman,,,
1382,Farstr Forestsun,6/12/2014 0:00,Boy,Eagles,,,Galic,,,
1383,Fabricius Servius,6/12/2014 0:00,Boy,Eagles,,,Roman,,,
1384,Titurius Caecilius,6/12/2014 0:00,Boy,Falcons,,,Roman,,,
1385,Pontius Pantagathus,6/12/2014 0:00,Boy,Falcons,,,Roman,,,
1386,Numerius Vibius,6/12/2014 0:00,Boy,Falcons,,,Roman,,,
1387,Annaeus Lucrio,6/12/2014 0:00,Boy,Falcons,,,Roman,,,
1388,Atius Vibius,6/12/2014 0:00,Boy,Falcons,,,Roman,,,
1389,Caelius Vibius,6/12/2014 0:00,Boy,Falcons,,,Roman,,,
1390,Caelius Aulus,6/12/2014 0:00,Boy,Falcons,,,Roman,,,
1391,Domitius Caecilius,6/12/2014 0:00,Boy,Falcons,,,Roman,,,
1392,Pinarius Marcus,6/12/2014 0:00,Boy,Falcons,,,Roman,,,
1393,Tarquitius Publius,6/12/2014 0:00,Boy,Falcons,,,Roman,7/10/2014 0:00,Quit in running day after Dru,
1394,Accalon MacFearghal,6/12/2014 0:00,Boy,Neptune,,,Roman,,,
1395,Sempronius Aulus,6/12/2014 0:00,Boy,Neptune,,,Roman,,,
1396,Carney MacFearghas,6/12/2014 0:00,Boy,Neptune,,,Roman,,,
1397,Pompeius Spurius,6/12/2014 0:00,Boy,Neptune,,,Roman,,,
1398,Froric Forlisun,6/12/2014 0:00,Boy,Neptune,,,Roman,,,
1399,Atilius Appius,6/12/2014 0:00,Boy,Neptune,,,Roman,,,
1400,Annaeus Publius,6/12/2014 0:00,Boy,Neptune,,,Roman,,,
1401,Valerius Publius,6/12/2014 0:00,Boy,Neptune,,,Roman,,,
1402,Fulvius Celer,6/12/2014 0:00,Boy,Neptune,,,Roman,,,
1403,Amatius Graecus,6/12/2014 0:00,Boy,Neptune,,,Roman,,,
1404,Gratius Quintus,6/12/2014 0:00,Boy,Thunderbolt,,,Roman,,,
1405,Horatius Felix,6/12/2014 0:00,Boy,Thunderbolt,,,Roman,,,
1406,Galerius Caecilius,6/12/2014 0:00,Boy,Thunderbolt,,,Roman,7/10/2014 0:00,Quit in running day after Dru,
1407,Rubellius Titus,6/12/2014 0:00,Boy,Thunderbolt,,,Roman,,,
1408,Ovidius Numerius,6/12/2014 0:00,Boy,Thunderbolt,,,Roman,,,
1409,Mucius Lucrio,6/12/2014 0:00,Boy,Thunderbolt,,,Roman,,,
1410,Livius Spurius,6/12/2014 0:00,Boy,Thunderbolt,,,Roman,,,
1411,Domitius Servius,6/12/2014 0:00,Boy,Thunderbolt,,,Roman,,,
1412,Rubellius Vibius,6/12/2014 0:00,Boy,Thunderbolt,,,Roman,,,
1413,Sergius Titus,6/12/2014 0:00,Boy,Thunderbolt,,,Roman,,,
1414,Atilius Sextus,6/12/2014 0:00,Boy,Apollo,,,Roman,,,
1415,Keir MacVychan,6/12/2014 0:00,Boy,Apollo,,,Roman,,,
1416,Coruncanius Caecilius,6/12/2014 0:00,Boy,Apollo,,,Roman,,,
1417,Antonius Graecus,6/12/2014 0:00,Boy,Apollo,,,Roman,,,
1418,Sentius Decimus,6/12/2014 0:00,Boy,Apollo,,,Roman,,,
1419,Coruncanius Syphax,6/12/2014 0:00,Boy,Apollo,,,Roman,,,
1420,Egan MacCormac,6/12/2014 0:00,Boy,Apollo,,,Galic,,,
1421,Velleius Felix,6/12/2014 0:00,Boy,Apollo,,,Roman,,,
1422,Miach MacBaudwin,6/12/2014 0:00,Boy,Apollo,,,Galic,,,
1423,Coruncanius Appius,6/12/2014 0:00,Boy,Apollo,,,Roman,,,
1424,Salonius Syphax,6/12/2014 0:00,Boy,Fortuna,,,Roman,7/10/2014 0:00,Quit in running day after Dru,
1425,Caedicius Publius,6/12/2014 0:00,Boy,Fortuna,,,Roman,,,
1426,Volumnius Numerius,6/12/2014 0:00,Boy,Fortuna,,,Roman,,,
1427,Durmius Marcus,6/12/2014 0:00,Boy,Fortuna,,,Roman,,,
1428,Sinclair MacDagonet,6/12/2014 0:00,Boy,Fortuna,,,Galic,,,
1429,Kai MacTorrance,6/12/2014 0:00,Boy,Fortuna,,,Galic,,,
1430,Manlius Decimus,6/12/2014 0:00,Boy,Fortuna,,,Roman,,,
1431,Corcoran MacDunstan,6/12/2014 0:00,Boy,Fortuna,,,Roman,,,
1432,Tarpeius Gaius,6/12/2014 0:00,Boy,Fortuna,,,Roman,,,
1433,Gratius Lucius,6/12/2014 0:00,Boy,Fortuna,,,Roman,,,
1434,Pwyll MacBrice,6/12/2014 0:00,Boy,Boars,,,Galic,,,
1435,Egan MacDiuran,6/12/2014 0:00,Boy,Boars,,,Galic,,,
1436,Sulpicius Lucius,6/12/2014 0:00,Boy,Boars,,,Roman,,,
1437,Amatius Lucius,6/12/2014 0:00,Boy,Boars,,,Roman,,,
1438,Artorius Numerius,6/12/2014 0:00,Boy,Boars,,,Roman,,,
1439,Adair MacRaghallaigh,6/12/2014 0:00,Boy,Boars,,,Roman,7/10/2014 0:00,Quit in running day after Dru,
1440,Pedni Larkensun,6/12/2014 0:00,Boy,Boars,,,Roman,,,
1441,Lucretius Felix,6/12/2014 0:00,Boy,Boars,,,Roman,,,
1442,Vitruvius Pantagathus,6/12/2014 0:00,Boy,Boars,,,Roman,,,
1443,Cassius Lucrio,6/12/2014 0:00,Boy,Boars,,,Roman,,,
1444,Vergilius Appius,6/12/2014 0:00,Boy,Jupiter,,,Roman,,,
1445,Iulius Caecilius,6/12/2014 0:00,Boy,Jupiter,,,Roman,,,
1446,Decius Servius,6/12/2014 0:00,Boy,Jupiter,,,Roman,,,
1447,Galerius Titus,6/12/2014 0:00,Boy,Jupiter,,,Roman,,,
1448,Ross MacGillandreis,6/12/2014 0:00,Boy,Jupiter,,,Roman,,,
1449,Didius Grumio,6/12/2014 0:00,Boy,Jupiter,,,Roman,,,
1450,Tarpeius Gromio,6/12/2014 0:00,Boy,Jupiter,,,Roman,,,
1451,Salvius Appius,6/12/2014 0:00,Boy,Jupiter,,,Roman,,,
1452,Bearach MacCael,6/12/2014 0:00,Boy,Jupiter,,,Galic,,,
1453,Genucius Caecilius,6/12/2014 0:00,Boy,Jupiter,,,Roman,7/10/2014 0:00,Quit in running day after Dru,
1454,Annius Tiberius,6/12/2014 0:00,Boy,Stallions,,,Roman,,,
1455,Annaeus Tiberius,6/12/2014 0:00,Boy,Stallions,,,Roman,,,
1456,Velleius Celer,6/12/2014 0:00,Boy,Stallions,,,Roman,,,
1457,Hirtius Clemens,6/12/2014 0:00,Boy,Stallions,,,Roman,,,
1458,Didius Spurius,6/12/2014 0:00,Boy,Stallions,,,Roman,,,
1459,Hirtius Numerius,6/12/2014 0:00,Boy,Stallions,,,Roman,,,
1460,Lucilius Marcus,6/12/2014 0:00,Boy,Stallions,,,Roman,,,
1461,Memmius Spurius,6/12/2014 0:00,Boy,Stallions,,,Roman,,,
1462,Sinclair MacArthfael,6/12/2014 0:00,Boy,Stallions,,,Roman,,,
1463,Minius Marcus,6/12/2014 0:00,Boy,Stallions,,,Roman,7/10/2014 0:00,Quit in running day after Dru,
1464,Devin MacEdryd,6/12/2014 0:00,Boy,Rabbits,,,Roman,,,
1465,Pinarius Quintus,6/12/2014 0:00,Boy,Rabbits,,,Roman,,,
1466,Durmius Servius,6/12/2014 0:00,Boy,Rabbits,,,Roman,,,
1467,Suetonius Sextus,6/12/2014 0:00,Boy,Rabbits,,,Roman,,,
1468,Iuventius Gnaeus,6/12/2014 0:00,Boy,Rabbits,,,Roman,7/9/2014 0:00,Killed in fights (Dru),
1469,Rutilius Gnaeus,6/12/2014 0:00,Boy,Rabbits,,,Roman,,,
1470,Sempronius Appius,6/12/2014 0:00,Boy,Rabbits,,,Roman,,,
1471,Flavius Numerius,6/12/2014 0:00,Boy,Rabbits,,,Roman,,,
1472,Nautius Aulus,6/12/2014 0:00,Boy,Rabbits,,,Roman,,,
1473,Cocceius Lucrio,6/12/2014 0:00,Boy,Rabbits,,,Roman,,,
1474,Llew MacEamon,6/12/2014 0:00,Boy,Odin,,,Roman,,,
1475,Caedicius Manius,6/12/2014 0:00,Boy,Odin,,,Roman,,,
1476,Villius Clemens,6/12/2014 0:00,Boy,Odin,,,Roman,7/9/2014 0:00,Killed in fights (Dru),
1477,Laelius Tiberius,6/12/2014 0:00,Boy,Odin,,,Roman,,,
1478,Albius Servius,6/12/2014 0:00,Boy,Odin,,,Roman,,,
1479,Rhydderch MacTuathal,6/12/2014 0:00,Boy,Odin,,,Roman,,,
1480,Tarquitius Manius,6/12/2014 0:00,Boy,Odin,,,Roman,,,
1481,Sicinius Celer,6/12/2014 0:00,Boy,Odin,,,Roman,,,
1482,Carey MacCorey,6/12/2014 0:00,Boy,Odin,,,Roman,,,
1483,Calidius Celer,6/12/2014 0:00,Boy,Odin,,,Roman,,,
1484,Rutilius Celer,6/12/2014 0:00,Boy,Thor,,,Roman,,,
1485,Cassius Gaius,6/12/2014 0:00,Boy,Thor,,,Roman,,,
1486,Artorius Pantagathus,6/12/2014 0:00,Boy,Thor,,,Roman,7/9/2014 0:00,Killed in fights (Dru),
1487,Meilyr MacLanval,6/12/2014 0:00,Boy,Thor,,,Roman,,,
1488,Bowen MacBernard,6/12/2014 0:00,Boy,Thor,,,Roman,,,
1489,Rhydwyn MacFinlay,6/12/2014 0:00,Boy,Thor,,,Roman,,,
1490,Cornelius Gaius,6/12/2014 0:00,Boy,Thor,,,Roman,,,
1491,Hortensius Graecus,6/12/2014 0:00,Boy,Thor,,,Roman,,,
1492,Calpurnius Graecus,6/12/2014 0:00,Boy,Thor,,,Roman,,,
1493,Equitius Grumio,6/12/2014 0:00,Boy,Thor,,,Roman,,,
1494,Cassius Gaius,6/12/2014 0:00,Boy,Tyr,,,Roman,,,
1495,Pompeius Grumio,6/12/2014 0:00,Boy,Tyr,,,Roman,,,
1496,Iulius Lucius,6/12/2014 0:00,Boy,Tyr,,,Roman,,,
1497,Ulpius Gnaeus,6/12/2014 0:00,Boy,Tyr,,,Roman,,,
1498,Vitellius Lucius,6/12/2014 0:00,Boy,Tyr,,,Roman,,,
1499,Curtius Celer,6/12/2014 0:00,Boy,Tyr,,,Roman,,,
1500,Calidius Graecus,6/12/2014 0:00,Boy,Tyr,,,Roman,,,
1501,Sempronius Marcus,6/12/2014 0:00,Boy,Tyr,,,Roman,,,
1502,Sulpicius Publius,6/12/2014 0:00,Boy,Tyr,,,Roman,,,
1503,Velleius Celer,6/12/2014 0:00,Boy,Tyr,,,Roman,,,
1504,Decius Gaius,6/12/2014 0:00,Boy,Baldur,,,Roman,,,
1186,Fabricius Gnaeus,6/12/2014 0:00,Boy,Bulls,,,Roman,7/10/2014 0:00,Quit in running day after Dru,
1187,Gellius Grumio,6/12/2014 0:00,Boy,Bulls,,,Roman,,,
1188,Lucretius Pantagathus,6/12/2014 0:00,Boy,Bulls,,,Roman,,,
1189,Annaeus Servius,6/12/2014 0:00,Boy,Bulls,,,Roman,,,
1190,Ardal MacGwennin,6/12/2014 0:00,Boy,Bulls,,,Roman,,,
1191,Seius Caecilius,6/12/2014 0:00,Boy,Bulls,,,Roman,,,
1192,Vitruvius Gromio,6/12/2014 0:00,Boy,Bulls,,,Roman,,,
1193,Herennius Spurius,6/12/2014 0:00,Boy,Bulls,,,Roman,,,
1194,Autronius Sextus,6/12/2014 0:00,Boy,Capricorn,,,Roman,,,
1195,Aebutius Syphax,6/12/2014 0:00,Boy,Capricorn,,,Roman,,,
1196,Sergius Grumio,6/12/2014 0:00,Boy,Capricorn,,,Roman,,,
1197,Caedicius Syphax,6/12/2014 0:00,Boy,Capricorn,,,Roman,,,
1198,Alodr Adirsun,6/12/2014 0:00,Boy,Capricorn,,,Roman,,,
1199,Curiatius Pantagathus,6/12/2014 0:00,Boy,Capricorn,,,Roman,,,
1200,Ulpius Tiberius,6/12/2014 0:00,Boy,Capricorn,,,Roman,,,
1201,Pinarius Pantagathus,6/12/2014 0:00,Boy,Capricorn,,,Roman,,,
1202,Annan MacTurloch,6/12/2014 0:00,Boy,Capricorn,,,Roman,,,
1203,Memmius Grumio,6/12/2014 0:00,Boy,Capricorn,,,Roman,,,
1204,Lucilius Tiberius,6/12/2014 0:00,Boy,Scorpio,,,Roman,7/10/2014 0:00,Quit in running day after Dru,
1205,Tuccius Pantagathus,6/12/2014 0:00,Boy,Scorpio,,,Roman,,,
1206,Briciu MacLochinvar,6/12/2014 0:00,Boy,Scorpio,,,Roman,,,
1207,Sextius Publius,6/12/2014 0:00,Boy,Scorpio,,,Roman,,,
1208,Gratius Lucius,6/12/2014 0:00,Boy,Scorpio,,,Roman,,,
1209,Galahaut MacAdeon,6/12/2014 0:00,Boy,Scorpio,,,Roman,,,
1210,Morvan MacKinnell,6/12/2014 0:00,Boy,Scorpio,,,Roman,,,
1211,Rhodri MacCasey,6/12/2014 0:00,Boy,Scorpio,,,Roman,,,
1212,Aurelius Clemens,6/12/2014 0:00,Boy,Scorpio,,,Roman,,,
1213,Modius Numerius,6/12/2014 0:00,Boy,Scorpio,,,Roman,,,
1214,Naevius Clemens,6/12/2014 0:00,Boy,Aquarius,,,Roman,,,
1215,Adair MacLlewellyn,6/12/2014 0:00,Boy,Aquarius,,,Roman,,,
1216,Durmius Lucius,6/12/2014 0:00,Boy,Aquarius,,,Roman,,,
1217,Galerius Gnaeus,6/12/2014 0:00,Boy,Aquarius,,,Roman,,,
1218,Cloelius Gaius,6/12/2014 0:00,Boy,Aquarius,,,Roman,7/10/2014 0:00,Quit in running day after Dru,
1219,Antonius Appius,6/12/2014 0:00,Boy,Aquarius,,,Roman,,,
1220,Geminius Quintus,6/12/2014 0:00,Boy,Aquarius,,,Roman,,,
1221,Salonius Celer,6/12/2014 0:00,Boy,Aquarius,,,Roman,,,
1222,Papirius Gaius,6/12/2014 0:00,Boy,Aquarius,,,Roman,,,
1223,Bartley MacBroc,6/12/2014 0:00,Boy,Aquarius,,,Roman,,,
1224,Branlum Balicsun,6/12/2014 0:00,Boy,Lions,,,Roman,,,
1225,Domitius Tiberius,6/12/2014 0:00,Boy,Lions,,,Roman,,,
1226,Sceolan MacTully,6/12/2014 0:00,Boy,Lions,,,Roman,,,
1227,Artorius Numerius,6/12/2014 0:00,Boy,Lions,,,Roman,,,
1228,Sullum Gasricsun,6/12/2014 0:00,Boy,Lions,,,Roman,,,
1229,Hirtius Titus,6/12/2014 0:00,Boy,Lions,,,Roman,,,
1230,Arrius Quintus,6/12/2014 0:00,Boy,Lions,,,Roman,,,
1231,Volumnius Publius,6/12/2014 0:00,Boy,Lions,,,Roman,,,
1232,Horatius Aulus,6/12/2014 0:00,Boy,Lions,,,Roman,,,
1233,Livius Decimus,6/12/2014 0:00,Boy,Lions,,,Roman,,,
1234,Maoldomhnaich MacUaine,6/12/2014 0:00,Boy,Rams,,,Roman,,,
1235,Knolum Balmunsun,6/12/2014 0:00,Boy,Rams,,,Roman,,,
1236,Ernan MacCronan,6/12/2014 0:00,Boy,Rams,,,Roman,,,
1237,Lucilius Grumio,6/12/2014 0:00,Boy,Rams,,,Roman,,,
1238,Valerius Felix,6/12/2014 0:00,Boy,Rams,,,Roman,,,
1239,Antonius Gromio,6/12/2014 0:00,Boy,Rams,,,Roman,,,
1240,Vitruvius Syphax,6/12/2014 0:00,Boy,Rams,,,Roman,,,
1241,Teilo MacCanank,6/12/2014 0:00,Boy,Rams,,,Roman,,,
1242,Aelius Appius,6/12/2014 0:00,Boy,Rams,,,Roman,,,
1243,Annius Clemens,6/12/2014 0:00,Boy,Rams,,,Roman,,,
1244,Bryn MacMidhir,6/12/2014 0:00,Boy,Gemini,,,Roman,,,
1245,Annaeus Gaius,6/12/2014 0:00,Boy,Gemini,,,Roman,,,
1246,Petronius Numerius,6/12/2014 0:00,Boy,Gemini,,,Roman,,,
1247,Gratius Graecus,6/12/2014 0:00,Boy,Gemini,,,Roman,,,
1248,Terentius Pantagathus,6/12/2014 0:00,Boy,Gemini,,,Roman,,,
1249,Hortensius Caecilius,6/12/2014 0:00,Boy,Gemini,,,Roman,,,
1250,Furius Marcus,6/12/2014 0:00,Boy,Gemini,,,Roman,,,
1251,Iunius Vibius,6/12/2014 0:00,Boy,Gemini,,,Roman,,,
1252,Tuccius Quintus,6/12/2014 0:00,Boy,Gemini,,,Roman,,,
1253,Tuccius Gnaeus,6/12/2014 0:00,Boy,Gemini,,,Roman,,,
1254,Vedius Felix,6/12/2014 0:00,Boy,Cancer,,,Roman,,,
1255,Amatius Aulus,6/12/2014 0:00,Boy,Cancer,,,Roman,,,
1256,Cocceius Tiberius,6/12/2014 0:00,Boy,Cancer,,,Roman,,,
1257,Fannius Sextus,6/12/2014 0:00,Boy,Cancer,,,Roman,,,
1258,Cornelius Publius,6/12/2014 0:00,Boy,Cancer,,,Roman,,,
1259,Heinder Enastersun,6/12/2014 0:00,Boy,Cancer,,,Roman,,,
1260,Oscar MacEurwyn,6/12/2014 0:00,Boy,Cancer,,,Roman,,,
1261,Fabius Vibius,6/12/2014 0:00,Boy,Cancer,,,Roman,,,
1262,Gabinius Aulus,6/12/2014 0:00,Boy,Cancer,,,Roman,,,
1263,Tullius Numerius,6/12/2014 0:00,Boy,Cancer,,,Roman,,,
1264,Caecilius Decimus,6/12/2014 0:00,Boy,Virgo,,,Roman,,,
1265,Griffith MacHaco,6/12/2014 0:00,Boy,Virgo,,,Roman,,,
1266,Obo Pordorsun,6/12/2014 0:00,Boy,Virgo,,,Roman,,,
1267,Fabius Gaius,6/12/2014 0:00,Boy,Virgo,,,Roman,,,
1268,Cloelius Gaius,6/12/2014 0:00,Boy,Virgo,,,Roman,,,
1269,Galerius Felix,6/12/2014 0:00,Boy,Virgo,,,Roman,,,
1270,Asinius Marcus,6/12/2014 0:00,Boy,Virgo,,,Roman,,,
1271,Volumnius Gnaeus,6/12/2014 0:00,Boy,Virgo,,,Roman,,,
1667,Arn Korysun,6/12/2014 0:00,Boy,Thor,,,Roman,,,
1272,Bernez MacCarlin,6/12/2014 0:00,Boy,Virgo,,,Roman,,,
1273,Numicius Pantagathus,6/12/2014 0:00,Boy,Virgo,,,Roman,,,
1274,Deaglan MacDevin,6/12/2014 0:00,Boy,Libra,,,Roman,,,
1275,Equitius Vibius,6/12/2014 0:00,Boy,Libra,,,Roman,,,
1276,Titinius Caecilius,6/12/2014 0:00,Boy,Libra,,,Roman,,,
1277,Lucilius Gaius,6/12/2014 0:00,Boy,Libra,,,Roman,,,
1278,Quinctilius Spurius,6/12/2014 0:00,Boy,Libra,,,Roman,,,
1279,Velleius Servius,6/12/2014 0:00,Boy,Libra,,,Roman,,,
1280,Salvius Felix,6/12/2014 0:00,Boy,Libra,,,Roman,,,
1281,Maoliosa MacNessan,6/12/2014 0:00,Boy,Libra,,,Roman,,,
1282,Hamdo Stardulfsun,6/12/2014 0:00,Boy,Libra,,,Roman,,,
1283,Villius Quintus,6/12/2014 0:00,Boy,Libra,,,Roman,,,
1284,Anneius Decimus,6/12/2014 0:00,Boy,Hunters,,,Roman,,,
1285,Cabhan MacBrice,6/12/2014 0:00,Boy,Hunters,,,Roman,,,
1286,Numicius Vibius,6/12/2014 0:00,Boy,Hunters,,,Roman,,,
1287,Nautius Graecus,6/12/2014 0:00,Boy,Hunters,,,Roman,,,
1288,Numicius Sextus,6/12/2014 0:00,Boy,Hunters,,,Roman,,,
1289,Ael MacGalahaut,6/12/2014 0:00,Boy,Hunters,,,Roman,,,
1290,Bryn MacBard,6/12/2014 0:00,Boy,Hunters,,,Roman,,,
1291,Lucilius Lucius,6/12/2014 0:00,Boy,Hunters,,,Roman,,,
1292,Macaulay MacCanank,6/12/2014 0:00,Boy,Hunters,,,Roman,,,
1293,Curius Caecilius,6/12/2014 0:00,Boy,Hunters,,,Roman,,,
1294,Naevius Clemens,6/12/2014 0:00,Boy,Pisces,,,Roman,,,
1295,Pontius Quintus,6/12/2014 0:00,Boy,Pisces,,,Roman,7/10/2014 0:00,Quit in running day after Dru,
1296,Servilius Spurius,6/12/2014 0:00,Boy,Pisces,,,Roman,,,
1297,Amatius Servius,6/12/2014 0:00,Boy,Pisces,,,Roman,,,
1298,Gander Berpisun,6/12/2014 0:00,Boy,Pisces,,,Roman,,,
1299,Dagda MacHabloc,6/12/2014 0:00,Boy,Pisces,,,Roman,,,
1300,Atilius Caecilius,6/12/2014 0:00,Boy,Pisces,,,Roman,,,
1301,Lance MacGordon,6/12/2014 0:00,Boy,Pisces,,,Roman,,,
1302,Villius Sextus,6/12/2014 0:00,Boy,Pisces,,,Roman,,,
1303,Herennius Decimus,6/12/2014 0:00,Boy,Pisces,,,Roman,,,
1304,Furius Aulus,6/12/2014 0:00,Boy,Minerva,,,Roman,,,
1305,Rufius Sextus,6/12/2014 0:00,Boy,Minerva,,,Roman,,,
1306,Sulpicius Celer,6/12/2014 0:00,Boy,Minerva,,,Roman,,,
1307,Banier MacReamann,6/12/2014 0:00,Boy,Minerva,,,Roman,,,
1308,Vibius Gaius,6/12/2014 0:00,Boy,Minerva,,,Roman,,,
1309,Gellius Appius,6/12/2014 0:00,Boy,Minerva,,,Roman,,,
1310,Decius Aulus,6/12/2014 0:00,Boy,Minerva,,,Roman,,,
1311,Hirtius Numerius,6/12/2014 0:00,Boy,Minerva,,,Roman,,,
1312,Banadel MacCuirthir,6/12/2014 0:00,Boy,Minerva,,,Roman,,,
1313,Hirtius Lucrio,6/12/2014 0:00,Boy,Minerva,,,Roman,,,
1314,Audstr Frefunsun,6/12/2014 0:00,Boy,Wolves,,,Roman,,,
1315,Uisdean MacUinseann,6/12/2014 0:00,Boy,Wolves,,,Roman,,,
1316,Gellius Quintus,6/12/2014 0:00,Boy,Wolves,,,Roman,,,
1317,Autronius Decimus,6/12/2014 0:00,Boy,Wolves,,,Roman,,,
1318,Porcius Tiberius,6/12/2014 0:00,Boy,Wolves,,,Roman,,,
1319,Salvius Vibius,6/12/2014 0:00,Boy,Wolves,,,Roman,,,
1320,Vipsanius Tiberius,6/12/2014 0:00,Boy,Wolves,,,Roman,,,
1321,Aurelius Tiberius,6/12/2014 0:00,Boy,Wolves,,,Roman,,,
1322,Habloc MacLlew,6/12/2014 0:00,Boy,Wolves,,,Roman,,,
1323,Murdo MacKillian,6/12/2014 0:00,Boy,Wolves,,,Roman,,,
1324,Numicius Gnaeus,6/12/2014 0:00,Boy,Centaurs,,,Roman,,,
1325,Skaich Addursun,6/12/2014 0:00,Boy,Centaurs,,,Roman,,,
1326,Memmius Servius,6/12/2014 0:00,Boy,Centaurs,,,Roman,,,
1327,Minius Felix,6/12/2014 0:00,Boy,Centaurs,,,Roman,,,
1328,Fulvius Gaius,6/12/2014 0:00,Boy,Centaurs,,,Roman,,,
1329,Scribonius Quintus,6/12/2014 0:00,Boy,Centaurs,,,Roman,,,
1330,Ovidius Publius,6/12/2014 0:00,Boy,Centaurs,,,Roman,,,
1331,Domitius Appius,6/12/2014 0:00,Boy,Centaurs,,,Roman,,,
1332,Geminius Aulus,6/12/2014 0:00,Boy,Centaurs,,,Roman,,,
1333,Pontius Marcus,6/12/2014 0:00,Boy,Centaurs,,,Roman,,,
1334,Athol MacBernez,6/12/2014 0:00,Boy,Hercules,,,Roman,,,
1335,Hostilius Graecus,6/12/2014 0:00,Boy,Hercules,,,Roman,,,
1336,Rubellius Gnaeus,6/12/2014 0:00,Boy,Hercules,,,Roman,,,
1337,Frelo Uricsun,6/12/2014 0:00,Boy,Hercules,,,Roman,,,
1338,Iunius Sextus,6/12/2014 0:00,Boy,Hercules,,,Roman,,,
1339,Cominius Marcus,6/12/2014 0:00,Boy,Hercules,,,Roman,,,
1340,Fannius Appius,6/12/2014 0:00,Boy,Hercules,,,Roman,,,
1341,Hostilius Celer,6/12/2014 0:00,Boy,Hercules,,,Roman,,,
1505,Arrius Graecus,6/12/2014 0:00,Boy,Baldur,,,Roman,,,
1506,Steindor Brandursun,6/12/2014 0:00,Boy,Baldur,,,Roman,,,
1507,Dawe MacFindlay,6/12/2014 0:00,Boy,Baldur,,,Roman,,,
1508,Galerius Marcus,6/12/2014 0:00,Boy,Baldur,,,Roman,,,
1509,Gair MacBanning,6/12/2014 0:00,Boy,Baldur,,,Roman,,,
1510,Minius Celer,6/12/2014 0:00,Boy,Baldur,,,Roman,,,
1511,Ael MacNessan,6/12/2014 0:00,Boy,Baldur,,,Roman,,,
1512,Eoin MacEamon,6/12/2014 0:00,Boy,Baldur,,,Roman,,,
1513,Pompeius Gnaeus,6/12/2014 0:00,Boy,Baldur,,,Roman,,,
1514,Gratius Celer,6/12/2014 0:00,Boy,Mars,,,Roman,,,
1515,Valerius Lucrio,6/12/2014 0:00,Boy,Mars,,,Roman,,,
1516,Mungo MacRaghallaigh,6/12/2014 0:00,Boy,Mars,,,Roman,,,
1517,Scribonius Appius,6/12/2014 0:00,Boy,Mars,,,Roman,,,
1518,Culhwch MacRumo,6/12/2014 0:00,Boy,Mars,,,Roman,,,
1519,Seius Lucius,6/12/2014 0:00,Boy,Mars,,,Roman,,,
1520,Quinctilius Sextus,6/12/2014 0:00,Boy,Mars,,,Roman,,,
1521,Skofuss Branundrsun,6/12/2014 0:00,Boy,Mars,,,Roman,,,
1522,Gillandreis MacGair,6/12/2014 0:00,Boy,Mars,,,Roman,,,
1523,Lucretius Grumio,6/12/2014 0:00,Boy,Mars,,,Roman,,,
1524,Popillius Syphax,6/12/2014 0:00,Boy,Serpents,,,Roman,,,
1525,Gellius Servius,6/12/2014 0:00,Boy,Serpents,,,Roman,,,
1526,Salvius Caecilius,6/12/2014 0:00,Boy,Serpents,,,Roman,,,
1527,Memmius Vibius,6/12/2014 0:00,Boy,Serpents,,,Roman,,,
1528,Pinarius Gaius,6/12/2014 0:00,Boy,Serpents,,,Roman,,,
1529,Octavius Tiberius,6/12/2014 0:00,Boy,Serpents,,,Roman,,,
1530,Caelius Spurius,6/12/2014 0:00,Boy,Serpents,,,Roman,,,
1531,Flavius Lucrio,6/12/2014 0:00,Boy,Serpents,,,Roman,,,
1532,Pinarius Syphax,6/12/2014 0:00,Boy,Serpents,,,Roman,,,
1533,Suetonius Syphax,6/12/2014 0:00,Boy,Serpents,,,Roman,,,
1534,Annaeus Graecus,6/12/2014 0:00,Boy,Rhinoceros,,,Roman,,,
1535,Calidius Lucius,6/12/2014 0:00,Boy,Rhinoceros,,,Roman,7/10/2014 0:00,Quit in running day after Dru,
1536,Geminius Lucius,6/12/2014 0:00,Boy,Rhinoceros,,,Roman,,,
1537,Sulpicius Pantagathus,6/12/2014 0:00,Boy,Rhinoceros,,,Roman,,,
1538,Tullius Vibius,6/12/2014 0:00,Boy,Rhinoceros,,,Roman,,,
1539,Lochinvar MacRooney,6/12/2014 0:00,Boy,Rhinoceros,,,Roman,,,
1540,Moran MacEanruig,6/12/2014 0:00,Boy,Rhinoceros,,,Roman,,,
1541,Daibheid MacAnnan,6/12/2014 0:00,Boy,Rhinoceros,,,Roman,,,
1542,Artorius Gromio,6/12/2014 0:00,Boy,Rhinoceros,,,Roman,,,
1543,Nelson MacFinnegas,6/12/2014 0:00,Boy,Rhinoceros,,,Roman,,,
1544,Sertorius Marcus,6/12/2014 0:00,Boy,Giraffes,,,Roman,,,
1545,Cloelius Clemens,6/12/2014 0:00,Boy,Giraffes,,,Roman,,,
1546,Numerius Gnaeus,6/12/2014 0:00,Boy,Giraffes,,,Roman,,,
1547,Scribonius Lucius,6/12/2014 0:00,Boy,Giraffes,,,Roman,,,
1548,Albius Marcus,6/12/2014 0:00,Boy,Giraffes,,,Roman,,,
1549,Cloelius Grumio,6/12/2014 0:00,Boy,Giraffes,,,Roman,7/10/2014 0:00,Quit in running day after Dru,
1550,Vibius Lucrio,6/12/2014 0:00,Boy,Giraffes,,,Roman,,,
1551,Sentius Gnaeus,6/12/2014 0:00,Boy,Giraffes,,,Roman,,,
1552,Porcius Numerius,6/12/2014 0:00,Boy,Giraffes,,,Roman,,,
1553,Finnian MacBriac,6/12/2014 0:00,Boy,Giraffes,,,Roman,,,
1554,Numerius Decimus,6/12/2014 0:00,Boy,Leopards,,,Roman,,,
1555,Jared MacBrastias,6/12/2014 0:00,Boy,Leopards,,,Roman,,,
1556,Cornelius Appius,6/12/2014 0:00,Boy,Leopards,,,Roman,,,
1557,Naevius Numerius,6/12/2014 0:00,Boy,Leopards,,,Roman,,,
1558,Lucretius Decimus,6/12/2014 0:00,Boy,Leopards,,,Roman,,,
1559,Equitius Vibius,6/12/2014 0:00,Boy,Leopards,,,Roman,,,
1560,Vychan MacEmlyn,6/12/2014 0:00,Boy,Leopards,,,Roman,,,
1561,Claudius Lucius,6/12/2014 0:00,Boy,Leopards,,,Roman,,,
1562,Popillius Decimus,6/12/2014 0:00,Boy,Leopards,,,Roman,,,
1563,Vitellius Celer,6/12/2014 0:00,Boy,Leopards,,,Roman,,,
1564,Cassius Celer,6/12/2014 0:00,Boy,She-wolves,,,Roman,,,
1565,Papirius Sextus,6/12/2014 0:00,Boy,She-wolves,,,Roman,,,
1566,Postumius Lucius,6/12/2014 0:00,Boy,She-wolves,,,Roman,,,
1567,Sullivan MacCuirthir,6/12/2014 0:00,Boy,She-wolves,,,Roman,,,
1568,Duhlainn MacBanier,6/12/2014 0:00,Boy,She-wolves,,,Roman,,,
1569,Iorwyn MacKeverne,6/12/2014 0:00,Boy,She-wolves,,,Roman,,,
1570,Pontius Appius,6/12/2014 0:00,Boy,She-wolves,,,Roman,,,
1571,Hortensius Grumio,6/12/2014 0:00,Boy,She-wolves,,,Roman,,,
1572,Finan MacOilill,6/12/2014 0:00,Boy,She-wolves,,,Roman,,,
1573,Sicinius Aulus,6/12/2014 0:00,Boy,She-wolves,,,Roman,,,
1574,Cassius Lucrio,6/12/2014 0:00,Boy,Owls,,,Roman,,,
1575,Delaney MacIdwal,6/12/2014 0:00,Boy,Owls,,,Roman,,,
1576,Bartley MacOileabhear,6/12/2014 0:00,Boy,Owls,,,Roman,,,
1577,Minius Publius,6/12/2014 0:00,Boy,Owls,,,Roman,,,
1578,Aelius Titus,6/12/2014 0:00,Boy,Owls,,,Roman,7/10/2014 0:00,Quit in running day after Dru,
1579,Numerius Servius,6/12/2014 0:00,Boy,Owls,,,Roman,,,
1580,Dogmael MacBeineon,6/12/2014 0:00,Boy,Owls,,,Roman,,,
1581,Cassius Servius,6/12/2014 0:00,Boy,Owls,,,Roman,,,
1582,Fannius Numerius,6/12/2014 0:00,Boy,Owls,,,Roman,,,
1583,Amatheon MacRaghallaigh,6/12/2014 0:00,Boy,Owls,,,Roman,,,
1584,Sallustius Decimus,6/12/2014 0:00,Boy,Arion,,,Roman,,,
1585,Lucilius Sextus,6/12/2014 0:00,Boy,Arion,,,Roman,,,
1586,Scribonius Felix,6/12/2014 0:00,Boy,Arion,,,Roman,,,
1587,Hostilius Gromio,6/12/2014 0:00,Boy,Arion,,,Roman,,,
1588,Suetonius Gaius,6/12/2014 0:00,Boy,Arion,,,Roman,,,
1589,Efnissien MacCorcoran,6/12/2014 0:00,Boy,Arion,,,Roman,,,
1590,Sulpicius Numerius,6/12/2014 0:00,Boy,Arion,,,Roman,7/10/2014 0:00,Quit in running day after Dru,
1591,Cornelius Spurius,6/12/2014 0:00,Boy,Arion,,,Roman,,,
1592,Duilius Decimus,6/12/2014 0:00,Boy,Arion,,,Roman,,,
1593,Visant MacAustell,6/12/2014 0:00,Boy,Arion,,,Roman,,,
1594,Cloelius Quintus,6/12/2014 0:00,Boy,Griffins,,,Roman,,,
1595,Powell MacGerwyn,6/12/2014 0:00,Boy,Griffins,,,Roman,,,
1596,Fabricius Appius,6/12/2014 0:00,Boy,Griffins,,,Roman,,,
1597,Rutilius Quintus,6/12/2014 0:00,Boy,Griffins,,,Roman,,,
1598,Iuventius Servius,6/12/2014 0:00,Boy,Griffins,,,Roman,,,
1599,Annius Quintus,6/12/2014 0:00,Boy,Griffins,,,Roman,,,
1600,Ovidius Caecilius,6/12/2014 0:00,Boy,Griffins,,,Roman,,,
1601,Octavius Felix,6/12/2014 0:00,Boy,Griffins,,,Roman,,,
1602,Rufius Marcus,6/12/2014 0:00,Boy,Griffins,,,Roman,,,
1603,Annius Caecilius,6/12/2014 0:00,Boy,Griffins,,,Roman,,,
1604,Servilius Felix,6/12/2014 0:00,Boy,Laelaps,,,Roman,,,
1605,Sergius Celer,6/12/2014 0:00,Boy,Laelaps,,,Roman,,,
1606,Cassius Gaius,6/12/2014 0:00,Boy,Laelaps,,,Roman,,,
1607,Claudius Marcus,6/12/2014 0:00,Boy,Laelaps,,,Roman,7/10/2014 0:00,Quit in running day after Dru,
1608,Titurius Syphax,6/12/2014 0:00,Boy,Laelaps,,,Roman,,,
1609,Licinius Appius,6/12/2014 0:00,Boy,Laelaps,,,Roman,,,
1610,Banier MacRooney,6/12/2014 0:00,Boy,Laelaps,,,Roman,,,
1611,Ross MacBedivere,6/12/2014 0:00,Boy,Laelaps,,,Roman,,,
1612,Deimhne MacMeilyr,6/12/2014 0:00,Boy,Laelaps,,,Roman,,,
1613,Vedius Tiberius,6/12/2014 0:00,Boy,Laelaps,,,Roman,,,
1614,Titurius Quintus,6/12/2014 0:00,Boy,Nemean Lions,,,Roman,,,
1615,Eiros MacYestin,6/12/2014 0:00,Boy,Nemean Lions,,,Roman,,,
1616,Horatius Tiberius,6/12/2014 0:00,Boy,Nemean Lions,,,Roman,,,
1617,Maol MacDionnsaidhe,6/12/2014 0:00,Boy,Nemean Lions,,,Roman,,,
1618,Rubellius Publius,6/12/2014 0:00,Boy,Nemean Lions,,,Roman,7/10/2014 0:00,Quit in running day after Dru,
1619,Curius Aulus,6/12/2014 0:00,Boy,Nemean Lions,,,Roman,,,
1620,Fulvius Numerius,6/12/2014 0:00,Boy,Nemean Lions,,,Roman,,,
1621,Bryn MacRowan,6/12/2014 0:00,Boy,Nemean Lions,,,Roman,,,
1622,Aebutius Aulus,6/12/2014 0:00,Boy,Nemean Lions,,,Roman,,,
1623,Gordon MacShea,6/12/2014 0:00,Boy,Nemean Lions,,,Roman,,,
1624,Teoundr Wilicsun,6/12/2014 0:00,Boy,Phoenix,,,Roman,,,
1625,Equitius Syphax,6/12/2014 0:00,Boy,Phoenix,,,Roman,,,
1626,Verginius Syphax,6/12/2014 0:00,Boy,Phoenix,,,Roman,,,
1627,Gabinius Tiberius,6/12/2014 0:00,Boy,Phoenix,,,Roman,,,
1628,Sempronius Gnaeus,6/12/2014 0:00,Boy,Phoenix,,,Roman,,,
1629,Torrance MacSoaz,6/12/2014 0:00,Boy,Phoenix,,,Roman,,,
1630,Antonius Pantagathus,6/12/2014 0:00,Boy,Phoenix,,,Roman,,,
1631,Quinlan MacRory,6/12/2014 0:00,Boy,Phoenix,,,Roman,,,
1632,Sertorius Syphax,6/12/2014 0:00,Boy,Phoenix,,,Roman,,,
1633,Vitruvius Servius,6/12/2014 0:00,Boy,Phoenix,,,Roman,,,
1634,Anneius Appius,6/12/2014 0:00,Boy,Sphinx,,,Roman,,,
1635,Decius Felix,6/12/2014 0:00,Boy,Sphinx,,,Roman,,,
1636,Dagonet MacSeumas,6/12/2014 0:00,Boy,Sphinx,,,Roman,,,
1637,Geminius Celer,6/12/2014 0:00,Boy,Sphinx,,,Roman,,,
1638,Bilgurd Frobursun,6/12/2014 0:00,Boy,Sphinx,,,Roman,,,
1639,Sentius Gromio,6/12/2014 0:00,Boy,Sphinx,,,Roman,,,
1640,Salvius Celer,6/12/2014 0:00,Boy,Sphinx,,,Roman,,,
1641,Aelius Titus,6/12/2014 0:00,Boy,Sphinx,,,Roman,,,
1642,Hamdrich Gasdrichsun,6/12/2014 0:00,Boy,Sphinx,,,Roman,,,
1643,Didius Decimus,6/12/2014 0:00,Boy,Sphinx,,,Roman,,,
1644,Terentius Titus,6/12/2014 0:00,Boy,Teumessian Foxes,,,Roman,,,
1645,Postumius Appius,6/12/2014 0:00,Boy,Teumessian Foxes,,,Roman,,,
1646,Cassius Celer,6/12/2014 0:00,Boy,Teumessian Foxes,,,Roman,,,
1647,Naevius Spurius,6/12/2014 0:00,Boy,Teumessian Foxes,,,Roman,,,
1648,Genucius Caecilius,6/12/2014 0:00,Boy,Teumessian Foxes,,,Roman,,,
1649,Durmius Appius,6/12/2014 0:00,Boy,Teumessian Foxes,,,Roman,,,
1650,Albius Publius,6/12/2014 0:00,Boy,Teumessian Foxes,,,Roman,,,
1651,Servilius Sextus,6/12/2014 0:00,Boy,Teumessian Foxes,,,Roman,,,
1652,Curiatius Numerius,6/12/2014 0:00,Boy,Teumessian Foxes,,,Roman,,,
1653,Iunius Servius,6/12/2014 0:00,Boy,Teumessian Foxes,,,Roman,,,
1654,Vipsanius Celer,6/12/2014 0:00,Boy,Unicorns,,,Roman,,,
1655,Licinius Gaius,6/12/2014 0:00,Boy,Unicorns,,,Roman,,,
1656,Baird MacPearce,6/12/2014 0:00,Boy,Unicorns,,,Roman,,,
1657,Numicius Graecus,6/12/2014 0:00,Boy,Unicorns,,,Roman,,,
1658,Petronius Clemens,6/12/2014 0:00,Boy,Unicorns,,,Roman,,,
1659,Fannius Graecus,6/12/2014 0:00,Boy,Unicorns,,,Roman,,,
1660,Hakfuss Berdisun,6/12/2014 0:00,Boy,Unicorns,,,Roman,,,Lazy. Rutilius found him sleeping the loft and in the medic tent
1661,Kendrick MacRoarke,6/12/2014 0:00,Boy,Unicorns,,,Roman,,,
1662,Aebutius Marcus,6/12/2014 0:00,Boy,Unicorns,,,Roman,,,
1663,Endrich Pordonsun,6/12/2014 0:00,Boy,Unicorns,,,Roman,7/10/2014 0:00,Quit in running day after Dru,
1664,Lucretius Clemens,6/12/2014 0:00,Boy,Bulls,,,Roman,,,
1665,Tarquitius Publius,6/12/2014 0:00,Boy,Capricorn,,,Roman,,,
1666,Rosach MacNelson,6/12/2014 0:00,Boy,Scorpio,,,Roman,,,
47,Steven MacAuryn,6/23/2014 0:00,Boy,Drakes,,,Roman,,,Boatwright with Louis
1075,Marius Barius Lupus,6/12/2014 0:00,Boy,Centaurs,,,Roman,,,
